{"plugins":{"cordova-plugin-geolocation":"C:\\ProgramData\\Microsoft\\VisualStudio\\MDA\\801dbade\\taco-toolset-6.3.1\\node_modules\\cordova-simulate\\src\\plugins\\cordova-plugin-geolocation","exec":"C:\\ProgramData\\Microsoft\\VisualStudio\\MDA\\801dbade\\taco-toolset-6.3.1\\node_modules\\cordova-simulate\\src\\plugins\\exec","events":"C:\\ProgramData\\Microsoft\\VisualStudio\\MDA\\801dbade\\taco-toolset-6.3.1\\node_modules\\cordova-simulate\\src\\plugins\\events","cordova-plugin-device":"C:\\ProgramData\\Microsoft\\VisualStudio\\MDA\\801dbade\\taco-toolset-6.3.1\\node_modules\\cordova-simulate\\src\\plugins\\cordova-plugin-device","cordova-plugin-battery-status":"C:\\ProgramData\\Microsoft\\VisualStudio\\MDA\\801dbade\\taco-toolset-6.3.1\\node_modules\\cordova-simulate\\src\\plugins\\cordova-plugin-battery-status","android-platform-core":"C:\\ProgramData\\Microsoft\\VisualStudio\\MDA\\801dbade\\taco-toolset-6.3.1\\node_modules\\cordova-simulate\\src\\platforms\\android"},"files":{"C:\\ProgramData\\Microsoft\\VisualStudio\\MDA\\801dbade\\taco-toolset-6.3.1\\node_modules\\cordova-simulate\\src\\modules\\event.js":1541285109188,"C:\\ProgramData\\Microsoft\\VisualStudio\\MDA\\801dbade\\taco-toolset-6.3.1\\node_modules\\cordova-simulate\\src\\modules\\argscheck.js":1541285109188,"C:\\ProgramData\\Microsoft\\VisualStudio\\MDA\\801dbade\\taco-toolset-6.3.1\\node_modules\\cordova-simulate\\src\\modules\\db.js":1541285109188,"C:\\ProgramData\\Microsoft\\VisualStudio\\MDA\\801dbade\\taco-toolset-6.3.1\\node_modules\\cordova-simulate\\src\\modules\\messages.js":1541285109188,"C:\\ProgramData\\Microsoft\\VisualStudio\\MDA\\801dbade\\taco-toolset-6.3.1\\node_modules\\cordova-simulate\\src\\modules\\exception.js":1541285109188,"C:\\ProgramData\\Microsoft\\VisualStudio\\MDA\\801dbade\\taco-toolset-6.3.1\\node_modules\\cordova-simulate\\src\\modules\\polyfills.js":1541285109188,"C:\\ProgramData\\Microsoft\\VisualStudio\\MDA\\801dbade\\taco-toolset-6.3.1\\node_modules\\cordova-simulate\\src\\modules\\sim-constants.js":1541285109188,"C:\\ProgramData\\Microsoft\\VisualStudio\\MDA\\801dbade\\taco-toolset-6.3.1\\node_modules\\cordova-simulate\\src\\modules\\utils.js":1541285109188,"C:\\ProgramData\\Microsoft\\VisualStudio\\MDA\\801dbade\\taco-toolset-6.3.1\\node_modules\\cordova-simulate\\src\\modules\\xhr-proxy.js":1541285109188,"C:\\ProgramData\\Microsoft\\VisualStudio\\MDA\\801dbade\\taco-toolset-6.3.1\\node_modules\\cordova-simulate\\src\\modules\\telemetry-helper.js":1541285109188,"C:\\ProgramData\\Microsoft\\VisualStudio\\MDA\\801dbade\\taco-toolset-6.3.1\\node_modules\\cordova-simulate\\src\\third-party\\socket.io.js":1541285109188,"C:\\ProgramData\\Microsoft\\VisualStudio\\MDA\\801dbade\\taco-toolset-6.3.1\\node_modules\\cordova-simulate\\src\\third-party\\webcomponents.min.js":1541285109188,"C:\\ProgramData\\Microsoft\\VisualStudio\\MDA\\801dbade\\taco-toolset-6.3.1\\node_modules\\cordova-simulate\\src\\third-party\\jquery.min.js":1541285109188,"C:\\ProgramData\\Microsoft\\VisualStudio\\MDA\\801dbade\\taco-toolset-6.3.1\\node_modules\\cordova-simulate\\src\\modules\\sim-host\\dialog.js":1541285109188,"C:\\ProgramData\\Microsoft\\VisualStudio\\MDA\\801dbade\\taco-toolset-6.3.1\\node_modules\\cordova-simulate\\src\\sim-host\\ui\\sim-host.js":1541285109188,"C:\\ProgramData\\Microsoft\\VisualStudio\\MDA\\801dbade\\taco-toolset-6.3.1\\node_modules\\cordova-simulate\\src\\modules\\sim-host\\sim-status.js":1541285109188,"C:\\ProgramData\\Microsoft\\VisualStudio\\MDA\\801dbade\\taco-toolset-6.3.1\\node_modules\\cordova-simulate\\src\\plugins\\cordova-plugin-geolocation\\sim-host.js":1541285109188,"C:\\ProgramData\\Microsoft\\VisualStudio\\MDA\\801dbade\\taco-toolset-6.3.1\\node_modules\\cordova-simulate\\src\\plugins\\cordova-plugin-geolocation\\sim-host-handlers.js":1541285109188,"C:\\ProgramData\\Microsoft\\VisualStudio\\MDA\\801dbade\\taco-toolset-6.3.1\\node_modules\\cordova-simulate\\src\\plugins\\exec\\sim-host.js":1541285109188,"C:\\ProgramData\\Microsoft\\VisualStudio\\MDA\\801dbade\\taco-toolset-6.3.1\\node_modules\\cordova-simulate\\src\\plugins\\exec\\sim-host-handlers.js":1541285109188,"C:\\ProgramData\\Microsoft\\VisualStudio\\MDA\\801dbade\\taco-toolset-6.3.1\\node_modules\\cordova-simulate\\src\\plugins\\cordova-plugin-device\\sim-host.js":1541285109188,"C:\\ProgramData\\Microsoft\\VisualStudio\\MDA\\801dbade\\taco-toolset-6.3.1\\node_modules\\cordova-simulate\\src\\plugins\\events\\sim-host.js":1541285109188,"C:\\ProgramData\\Microsoft\\VisualStudio\\MDA\\801dbade\\taco-toolset-6.3.1\\node_modules\\cordova-simulate\\src\\plugins\\cordova-plugin-device\\sim-host-handlers.js":1541285109188,"C:\\ProgramData\\Microsoft\\VisualStudio\\MDA\\801dbade\\taco-toolset-6.3.1\\node_modules\\cordova-simulate\\src\\plugins\\cordova-plugin-battery-status\\sim-host.js":1541285109188,"C:\\ProgramData\\Microsoft\\VisualStudio\\MDA\\801dbade\\taco-toolset-6.3.1\\node_modules\\cordova-simulate\\src\\plugins\\cordova-plugin-battery-status\\sim-host-handlers.js":1541285109188,"C:\\ProgramData\\Microsoft\\VisualStudio\\MDA\\801dbade\\taco-toolset-6.3.1\\node_modules\\cordova-simulate\\src\\platforms\\android\\sim-host-handlers.js":1541285109188,"C:\\ProgramData\\Microsoft\\VisualStudio\\MDA\\801dbade\\taco-toolset-6.3.1\\node_modules\\cordova-simulate\\src\\plugins\\cordova-plugin-battery-status\\battery.js":1541285109188,"C:\\ProgramData\\Microsoft\\VisualStudio\\MDA\\801dbade\\taco-toolset-6.3.1\\node_modules\\cordova-simulate\\src\\sim-host\\ui\\custom-elements.js":1541285109188,"C:\\ProgramData\\Microsoft\\VisualStudio\\MDA\\801dbade\\taco-toolset-6.3.1\\node_modules\\cordova-simulate\\src\\sim-host\\protocol\\socket.js":1541285109188,"C:\\ProgramData\\Microsoft\\VisualStudio\\MDA\\801dbade\\taco-toolset-6.3.1\\node_modules\\cordova-simulate\\src\\plugins\\cordova-plugin-geolocation\\geo-model.js":1541285109188,"C:\\ProgramData\\Microsoft\\VisualStudio\\MDA\\801dbade\\taco-toolset-6.3.1\\node_modules\\cordova-simulate\\src\\plugins\\cordova-plugin-geolocation\\PositionError.js":1541285109188,"C:\\ProgramData\\Microsoft\\VisualStudio\\MDA\\801dbade\\taco-toolset-6.3.1\\node_modules\\cordova-simulate\\src\\plugins\\exec\\saved-sims.js":1541285109188,"C:\\ProgramData\\Microsoft\\VisualStudio\\MDA\\801dbade\\taco-toolset-6.3.1\\node_modules\\cordova-simulate\\src\\plugins\\cordova-plugin-device\\device-model.js":1541285109188,"C:\\ProgramData\\Microsoft\\VisualStudio\\MDA\\801dbade\\taco-toolset-6.3.1\\node_modules\\cordova-simulate\\node_modules\\q\\q.js":1541285109188,"C:\\ProgramData\\Microsoft\\VisualStudio\\MDA\\801dbade\\taco-toolset-6.3.1\\node_modules\\cordova-simulate\\src\\devices\\os-versions.json":1541285109188,"C:\\ProgramData\\Microsoft\\VisualStudio\\MDA\\801dbade\\taco-toolset-6.3.1\\node_modules\\process\\browser.js":1541285109188}}